DATE;Combined Heat and Power. Commercial Power;Combined Heat and Power. Electric Power;Electric Generators. Electric Utilities;Electric Generators. Independent Power Producers;Natural Gas;Other Biomass;Petroleum;Solar Thermal and Photovoltaic; Revenue_residential ;Sales_residential;Customers_residential; Price_residential ; Revenue_commercial ;Sales_commercial;Customers_commercial; Price_commercial ; Revenue_industrial ;Sales_industrial;Customers_industrial; Price_industrial ; Revenue_transportation ;Sales_transportation;Customers_transportation; Price_transportation ; Revenue_total ;Sales_total;Customers_total; Price_total ;tavg;tmin;tmax;prcp;wspd;pres
01/01/2001;0;0;0;9251;0;0;9251;0;14386;200794;0;7.16;41142;671941;0;6.12;899;21059;0;4.27;0;0;0;0;58609;923284;0;6.35;1.9;-2.2;6;56;12.7;1019.3
01/02/2001;0;0;0;0;0;0;0;0;10693;155062;0;6.9;40115;621924;0;6.45;852;19564;0;4.35;0;0;0;0;53724;823314;0;6.53;4.9;-0.2;9.9;47;15.3;1023.3
01/03/2001;0;0;0;0;0;0;0;0;9073;136367;0;6.65;46443;733506;0;6.33;1011;23974;0;4.22;0;0;0;0;58504;924844;0;6.33;6.6;1.7;11.4;101;18;1014.2
01/04/2001;0;0;0;766;0;0;766;0;7227;108247;0;6.68;41435;648962;0;6.38;996;22352;0;4.46;0;0;0;0;50637;807525;0;6.27;14.1;8.2;20;43;14.4;1019
01/05/2001;0;0;0;5921;0;0;5921;0;10153;115769;0;8.77;49759;653486;0;7.61;946;22792;0;4.15;0;0;0;0;61807;819698;0;7.54;18.8;13.6;23.9;99;12.9;1017.1
01/06/2001;0;0;0;488;0;0;488;0;14429;160848;0;8.97;76889;867973;0;8.86;1317;23560;0;5.59;0;0;0;0;93641;1082033;0;8.65;24;19.3;28.6;119;12.3;1016.2
01/07/2001;0;0;0;24107;0;0;24107;0;17709;192818;0;9.18;68218;729471;0;9.35;1299;23292;0;5.58;0;0;0;0;88298;977781;0;9.03;24;19.2;28.7;122;14;1016.3
01/08/2001;0;0;0;47587;0;0;47587;0;14930;167507;0;8.91;72164;857253;0;8.42;2217;38608;0;5.74;0;0;0;0;91973;1095931;0;8.39;26;21.7;30.4;76;11.7;1016.6
01/09/2001;0;0;0;0;0;0;0;0;9880;118041;0;8.37;62461;727899;0;8.58;1211;22096;0;5.48;0;0;0;0;76055;899616;0;8.45;20.5;15.5;25.5;37;13.3;1018.3
01/10/2001;0;0;0;3497;0;0;3497;0;6696;100293;0;6.68;51821;692839;0;7.48;962;21595;0;4.45;0;0;0;0;62327;845630;0;7.37;15.3;9.2;21.5;18;13.9;1020.5
01/11/2001;0;0;0;31622;0;0;31622;0;8411;121796;0;6.91;41895;637396;0;6.57;801;17937;0;4.47;0;0;0;0;53647;805884;0;6.66;12.6;6.9;18.4;14;12.9;1022.6
01/12/2001;0;0;0;0;0;0;0;0;8696;121325;0;7.17;43882;696176;0;6.3;993;24085;0;4.12;0;0;0;0;55903;874931;0;6.39;7.4;3;11.8;39;14;1019
01/01/2002;0;0;0;-1033;0;0;1033;0;9971;141744;0;7.03;45384;720801;0;6.3;1158;20309;0;5.7;0;0;0;0;58618;915424;0;6.4;5.3;0.8;9.9;34;14.5;1017.4
01/02/2002;0;0;0;4729;0;0;4729;0;7284;94343;0;7.72;38015;599549;0;6.34;722;20131;0;3.59;0;0;0;0;47966;743199;0;6.45;5.9;0.3;11.4;12;16.5;1019.3
01/03/2002;0;0;0;11399;0;0;11399;0;8664;128102;0;6.76;42899;687437;0;6.24;974;22801;0;4.27;0;0;0;0;54491;869233;0;6.27;8.6;3.2;14.1;86;16.4;1021
01/04/2002;0;0;0;22998;0;0;22998;0;7167;105133;0;6.82;39786;623371;0;6.38;907;20132;0;4.51;0;0;0;0;49706;776936;0;6.4;15.5;9.7;21.3;88;16.1;1019.8
01/05/2002;0;0;0;-616;0;0;616;0;12951;163190;0;7.94;58161;686478;0;8.47;994;20422;0;4.87;0;0;0;0;74194;899098;0;8.25;18.4;12.6;24.1;55;15.1;1017.9
01/06/2002;0;0;0;30828;0;0;30828;0;15218;167168;0;9.1;69391;820535;0;8.46;1257;22274;0;5.64;0;0;0;0;88227;1040705;0;8.48;24.5;19;29.9;97;12.6;1016.6
01/07/2002;0;0;0;101334;0;0;101334;0;14213;154387;0;9.21;70152;825729;0;8.5;1147;21143;0;5.42;0;0;0;0;88587;1056230;0;8.39;27.1;22.2;32;56;13.3;1016.6
01/08/2002;0;0;0;85726;0;0;85726;0;25030;264166;0;9.48;69345;827514;0;8.38;1410;24540;0;5.75;0;0;0;0;98458;1152108;0;8.55;27.2;22;32.4;41;13.7;1018.2
01/09/2002;0;0;0;3170;0;0;3170;0;15684;182682;0;8.59;67029;786940;0;8.52;1379;25277;0;5.46;0;0;0;0;86559;1029696;0;8.41;22.7;17.8;27.6;53;13.8;1018.3
01/10/2002;0;0;0;-565;0;0;565;0;6227;100390;0;6.2;49949;741658;0;6.73;1871;37087;0;5.04;0;0;0;0;60655;924652;0;6.56;14.7;10.8;18.7;127;13.1;1019.7
01/11/2002;0;0;0;421;0;0;421;0;8380;119731;0;7;39424;624849;0;6.31;1162;24949;0;4.66;0;0;0;0;50954;799984;0;6.37;8.4;4.1;12.6;110;14.6;1016.2
01/12/2002;0;0;0;3589;0;0;3589;0;12034;169066;0;7.12;43436;700225;0;6.2;1013;23332;0;4.34;0;0;0;0;58472;921477;0;6.35;2.8;-1.2;6.9;113;14.1;1018.5
01/01/2003;0;0;0;9933;0;0;9933;0;12980;183692;0;7.07;45169;728044;0;6.2;964;18698;0;5.16;3259;26190;0;12.44;62373;956625;0;6.52;-0.5;-4.1;3;61;16.8;1017.8
01/02/2003;0;0;0;12549;0;0;12549;0;11911;169705;0;7.02;40717;637796;0;6.38;727;14505;0;5.01;1462;17971;0;8.14;54817;839977;0;6.53;0.9;-2.5;4.3;138;14.2;1018.1
01/03/2003;0;0;0;13086;0;0;13086;0;10105;145032;0;6.97;42510;673239;0;6.31;1132;24025;0;4.71;1760;24061;0;7.31;55506;866356;0;6.41;8.3;2.7;13.9;107;14.4;1016.9
01/04/2003;0;0;0;764;0;0;764;0;6718;97582;0;6.88;44901;696800;0;6.44;840;17349;0;4.84;1655;22316;0;7.42;54113;834047;0;6.49;12.7;7.4;17.9;65;16.1;1017
01/05/2003;0;0;0;1614;0;0;1614;0;7543;85350;0;8.84;57610;704529;0;8.18;1002;13705;0;7.31;1682;23158;0;7.26;67838;826742;0;8.21;16.4;12.6;20.2;181;12.6;1015.1
01/06/2003;0;0;0;3552;0;0;3552;0;12795;142207;0;9;64626;764803;0;8.45;1235;18223;0;6.78;1627;23914;0;6.8;80283;949147;0;8.46;21.8;17.5;26.2;200;12.4;1014.2
01/07/2003;0;0;0;10741;0;0;10741;0;19350;211748;0;9.14;72362;847695;0;8.54;1302;22352;0;5.82;1756;25829;0;6.8;94771;1107624;0;8.56;25.4;21.2;29.6;147;12.8;1015.6
01/08/2003;0;0;0;24567;0;0;24567;0;19329;215581;0;8.97;71913;838579;0;8.58;1314;21224;0;6.19;1839;27301;0;6.74;94395;1102686;0;8.56;26;22;29.9;118;11.3;1016.9
01/09/2003;0;0;0;-599;0;0;599;0;12734;152325;0;8.36;62105;721287;0;8.61;1286;21491;0;5.98;1772;25878;0;6.85;77897;920981;0;8.46;21.3;17.1;25.4;175;14.1;1018.3
01/10/2003;0;0;0;-625;0;0;625;0;4708;73881;0;6.37;50976;732488;0;6.96;1246;20187;0;6.17;1705;23555;0;7.24;58634;850111;0;6.9;14.1;9.3;18.9;100;12.8;1017.1
01/11/2003;0;0;0;-645;0;0;645;0;9000;131909;0;6.82;43418;668397;0;6.5;1882;37367;0;5.04;1820;25815;0;7.05;56119;863488;0;6.5;11.7;6.9;16.5;107;12.7;1019.7
01/12/2003;0;0;0;-793;0;0;793;0;10404;145290;0;7.16;39069;625690;0;6.24;1951;38122;0;5.12;1479;19498;0;7.59;52903;828600;0;6.38;3.9;-0.2;8.1;110;16;1019.4
01/01/2004;0;0;0;15820;0;0;15820;0;14540;201936;0;7.2;46102;715766;0;6.44;1284;28408;0;4.52;745;25652;0;2.9;62670;971762;0;6.45;-0.9;-5;3.2;35;16.9;1018.3
01/02/2004;0;0;0;1829;0;0;1829;0;11798;162229;0;7.27;47752;733345;0;6.51;1112;22908;0;4.85;2897;21389;0;13.54;63559;939871;0;6.76;3.4;-1.3;8.1;58;14.2;1023
01/03/2004;0;0;0;549;0;0;549;0;9007;125615;0;7.17;44105;695796;0;6.34;952;21836;0;4.36;651;22532;0;2.89;54716;865779;0;6.32;9.3;4;14.5;53;15.6;1021.7
01/04/2004;0;0;0;-563;0;0;563;0;8104;116221;0;6.97;43591;681841;0;6.39;1281;27569;0;4.65;2807;21710;0;12.93;55783;847340;0;6.58;14;9;19.1;98;16.3;1014.9
01/05/2004;0;0;0;2674;0;0;2674;0;11253;131460;0;8.56;63062;755708;0;8.34;1303;27094;0;4.81;801;26144;0;3.06;76419;940406;0;8.13;22.1;17.1;27;76;14.2;1016.8
01/06/2004;0;0;0;6154;0;0;6154;0;16012;164292;0;9.75;61096;730298;0;8.37;956;16274;0;5.87;1862;28052;0;6.64;79926;938915;0;8.51;23;18.5;27.4;117;13.8;1016.9
01/07/2004;0;0;0;1680;0;0;1680;0;18703;201043;0;9.3;77963;900708;0;8.66;1783;30796;0;5.79;3779;32709;0;11.55;102228;1165257;0;8.77;25.8;21.8;29.9;177;12.5;1014.4
01/08/2004;0;0;0;4605;0;0;4605;0;19746;217837;0;9.06;76694;894690;0;8.57;1401;24377;0;5.75;2164;28240;0;7.66;100005;1165143;0;8.58;24.3;20.3;28.3;129;12.5;1016.6
01/09/2004;0;0;0;1001;0;0;1001;0;10590;123126;0;8.6;67140;780268;0;8.6;1236;22087;0;5.6;2200;26692;0;8.24;81165;952173;0;8.52;22;17.8;26.1;101;11.5;1020
01/10/2004;0;0;0;-634;0;0;634;0;7801;107805;0;7.24;50553;710881;0;7.11;954;20321;0;4.69;740;24856;0;2.98;60048;863863;0;6.95;14.6;10.4;18.7;44;10.4;1017.9
01/11/2004;0;0;0;-698;0;0;698;0;7468;113288;0;6.59;45514;677071;0;6.72;902;20056;0;4.5;1985;22429;0;8.85;55867;832844;0;6.71;10.5;6.1;14.9;115;11.3;1021.8
01/12/2004;0;0;0;4070;0;0;4070;0;11768;169582;0;6.94;0;0;0;0;0;0;0;0;1778;23660;0;7.51;60063;931492;0;6.45;4.4;-0.1;8.9;78;13.5;1019.3
01/01/2005;0;0;0;2093;0;0;2093;0;13144;176397;0;7.45;0;0;0;0;0;0;0;0;1801;23064;0;7.81;71793;981857;0;7.31;2.2;-1.6;6.1;84;14.2;1023.9
01/02/2005;0;0;0;215;0;0;215;0;12336;147164;0;8.38;0;0;0;0;0;0;0;0;1731;20608;0;8.4;82573;894050;0;9.24;4.2;-0.6;9;41;13.5;1021.4
01/03/2005;0;0;0;-1094;0;0;1094;0;10487;120841;0;8.68;0;0;0;0;0;0;0;0;1859;28189;0;6.59;83396;1025262;0;8.13;6.1;1.5;10.6;113;15.7;1012.5
01/04/2005;0;0;0;-599;0;0;599;0;9415;107403;0;8.77;0;0;0;0;0;0;0;0;1694;23136;0;7.32;73412;832465;0;8.82;14;8.4;19.5;110;14.9;1013.6
01/05/2005;0;0;0;-610;0;0;610;0;9513;123519;0;7.7;0;0;0;0;0;0;0;0;1810;24312;0;7.44;66288;714130;0;9.28;16.5;11.4;21.6;117;14.5;1015.3
01/06/2005;0;0;0;42336;0;0;42336;0;17523;185982;0;9.42;0;0;0;0;0;0;0;0;1904;27535;0;6.91;101202;1081450;0;9.36;24.2;19.5;29;73;13.6;1015.9
01/07/2005;0;0;0;90491;0;0;90491;0;22938;227393;0;10.09;0;0;0;0;0;0;0;0;2405;30716;0;7.83;122052;1238893;0;9.85;27;22.6;31.4;98;10.7;1016.1
01/08/2005;0;0;0;75277;0;0;75277;0;22080;220582;0;10.01;0;0;0;0;0;0;0;0;2558;31601;0;8.09;120588;1232767;0;9.78;26.7;22.3;31.1;59;11.5;1016.3
01/09/2005;0;0;0;3973;0;0;3973;0;16480;163705;0;10.07;0;0;0;0;0;0;0;0;2466;29003;0;8.5;102285;1054109;0;9.7;23.8;18.4;29.3;3;12.4;1019.3
01/10/2005;0;0;0;9168;0;0;9168;0;10734;108288;0;9.91;0;0;0;0;0;0;0;0;1975;27943;0;7.07;84253;900264;0;9.36;15.8;11.7;19.9;239;14.3;1016.9
01/11/2005;0;0;0;3;0;0;3;0;10848;123286;0;8.8;0;0;0;0;0;0;0;0;1843;25808;0;7.14;83365;881804;0;9.45;10;4.6;15.4;49;14.9;1018.4
01/12/2005;0;0;0;4789;0;0;4789;0;20949;233711;0;8.96;0;0;0;0;0;0;0;0;1953;33653;0;5.8;93758;979155;0;9.58;2.4;-1.4;6.2;85;13.1;1018.1
01/01/2006;0;0;0;2352;0;0;2352;0;17248;184740;0;9.34;50365;583698;0;8.63;3031;22620;0;13.4;1660;21185;0;7.84;72304;812242;0;8.9;6.1;1.5;10.7;83;16.2;1016.3
01/02/2006;0;0;0;1474;0;0;1474;0;12160;149832;0;8.12;70771;690895;0;10.24;2983;18827;0;15.84;2418;22067;0;10.96;88332;881621;0;10.02;3.6;-0.9;8.1;63;15.6;1017.3
01/03/2006;0;0;0;-329;0;0;329;0;13741;160849;0;8.54;74932;723714;0;10.35;2982;17937;0;16.62;2529;23067;0;10.96;94184;925566;0;10.18;8.8;3.4;14.1;1;17.3;1017.4
01/04/2006;0;0;0;150;0;0;150;0;9239;103528;0;8.92;73603;692208;0;10.63;2496;16449;0;15.17;2484;23223;0;10.7;87821;835408;0;10.51;15.2;9.5;20.9;79;14.8;1014.6
01/05/2006;0;0;0;1706;0;0;1706;0;9146;95390;0;9.59;81851;783390;0;10.45;2688;18200;0;14.77;2592;24184;0;10.72;96277;921164;0;10.45;18.3;12.8;23.8;56;13.6;1012.2
01/06/2006;0;0;0;3743;0;0;3743;0;18129;166893;0;10.86;111526;887694;0;12.56;4317;15836;0;27.26;2947;26703;0;11.04;136919;1097126;0;12.48;23.6;18.7;28.5;356;13.4;1014.7
01/07/2006;0;0;0;22549;0;0;22549;0;22598;209031;0;10.81;73998;774701;0;9.55;4645;21203;0;21.91;2876;30567;0;9.41;104117;1035502;0;10.05;26.9;22.2;31.6;90;13;1016.4
01/08/2006;0;0;0;47754;0;0;47754;0;22041;202884;0;10.86;77521;745795;0;10.39;3547;20705;0;17.13;3112;31427;0;9.9;106220;1000811;0;10.61;26.9;22;31.8;26;13.7;1015.9
01/09/2006;0;0;0;-516;0;0;516;0;16761;147193;0;11.39;103933;804725;0;12.92;4676;27680;0;16.89;3323;27354;0;12.15;128693;1006952;0;12.78;19.8;15.8;23.8;160;12.7;1016.2
01/10/2006;0;0;0;553;0;0;553;0;10874;105359;0;10.32;107808;834597;0;12.92;4649;26535;0;17.52;2832;25201;0;11.24;126164;991693;0;12.72;14;9.1;19;129;12.8;1016.2
01/11/2006;0;0;0;-659;0;0;659;0;12209;135776;0;8.99;93520;784494;0;11.92;4158;23484;0;17.71;2919;25472;0;11.46;112807;969226;0;11.64;10.3;5.9;14.7;131;13.1;1019.3
01/12/2006;0;0;0;2690;0;0;2690;0;15846;160634;0;9.86;88383;723921;0;12.21;1634;10367;0;15.76;2839;24190;0;11.74;108703;919112;0;11.83;6.7;1.9;11.6;40;11.4;1023.3
01/01/2007;0;0;0;-518;0;0;518;0;16058;160463;211638;10.01;84200;757717;27876;11.11;2303;27181;2;8.47;2717;26716;1;10.17;105278;972078;239517;10.83;4.8;0.6;9;63;14.6;1019.7
01/02/2007;0;0;0;2682;0;0;2682;0;17865;180504;211831;9.9;82634;740872;27530;11.15;2685;29522;2;9.09;2738;25166;1;10.88;105922;976064;239364;10.85;-0.6;-4.7;3.4;56;16;1017.1
01/03/2007;0;0;0;-239;0;0;239;0;16115;169272;211789;9.52;81980;680879;27464;12.04;1849;19936;2;9.27;2902;24804;1;11.7;102847;894891;239256;11.49;8.7;2.9;14.5;81;16.4;1021.9
01/04/2007;0;0;0;-316;0;0;316;0;10943;111178;211343;9.84;80552;715428;27321;11.26;2107;25077;2;8.4;2818;24297;1;11.6;96419;875980;238667;11.01;11.9;6.8;17;106;15.4;1013.1
01/05/2007;0;0;0;-318;0;0;318;0;11849;123591;211363;9.59;93302;820620;27339;11.37;1846;22619;2;8.16;2678;25904;1;10.34;109676;992734;238705;11.05;19.9;14.4;25.4;45;13.9;1020.2
01/06/2007;0;0;0;14143;0;0;14143;0;20571;171679;211524;11.98;105673;861360;27408;12.27;2421;24215;2;10;3234;29410;1;11;131899;1086665;238935;12.14;24.4;19.4;29.4;35;12.6;1015
01/07/2007;0;0;0;11312;0;0;11312;0;27286;214536;212475;12.72;115692;912584;27313;12.68;2673;25645;2;10.42;3492;30180;1;11.57;149143;1182945;239791;12.61;26.2;20.9;31.6;61;12.2;1015
01/08/2007;0;0;0;40581;0;0;40581;0;27936;222134;212270;12.58;116984;908675;27128;12.87;2487;22720;2;10.95;3707;30356;1;12.21;151113;1183885;239401;12.76;26.5;21.6;31.3;88;11.6;1015.6
01/09/2007;0;0;0;5516;0;0;5516;0;21031;171792;212193;12.24;100148;805308;26988;12.44;2425;25037;2;9.69;3408;30376;1;11.22;127012;1032513;239184;12.3;22.7;17.5;28;15;11.5;1020.4
01/10/2007;0;0;0;3636;0;0;3636;0;15785;130940;213463;12.06;99701;793132;27087;12.57;2561;24987;2;10.25;3147;26762;1;11.76;121194;975821;240553;12.42;19.4;14.2;24.6;166;11.8;1019
01/11/2007;0;0;0;-707;0;0;707;0;13149;124094;214141;10.6;88385;734541;26842;12.03;2131;23636;2;9.02;3085;26795;1;11.51;106750;909065;240986;11.74;9.8;5.3;14.3;37;13.7;1019.6
01/12/2007;0;0;0;-521;0;0;521;0;21659;189379;214627;11.44;94127;787674;26650;11.95;2168;26111;2;8.3;2882;24379;1;11.82;120836;1027542;241280;11.76;5.4;1.9;8.8;83;12.3;1021.1
01/01/2008;0;0;0;2997;0;0;2997;0;19624;182697;215939;10.74;90883;735363;26706;12.36;2465;24599;1;10.02;3346;26744;1;12.51;116318;969404;242647;12;4.4;0.1;8.7;35;13.7;1021.6
01/02/2008;0;0;0;1258;0;0;1258;0;17358;161788;215853;10.73;87677;682941;26694;12.84;2218;21762;1;10.19;2827;24008;1;11.78;110080;890500;242549;12.36;5;0.1;9.9;106;13.8;1017.4
01/03/2008;0;0;0;401;0;0;401;0;16017;144578;215616;11.08;86371;668845;26678;12.91;2583;23894;1;10.81;2853;23775;1;12;107824;861093;242296;12.52;9.4;4.3;14.6;71;15.7;1018.8
01/04/2008;0;0;0;0;0;0;0;0;13409;120129;216511;11.16;88563;667507;26699;13.27;2287;21431;1;10.67;3155;26147;1;12.07;107415;835214;243212;12.86;14.9;10;19.7;125;12.7;1018
01/05/2008;0;0;0;0;0;0;0;0;11883;107888;216379;11.01;99534;755796;26736;13.17;2154;20420;1;10.55;2851;23257;1;12.26;116423;907361;243117;12.83;18.1;12.7;23.5;271;14.8;1011.7
01/06/2008;0;0;0;50119;0;0;50119;0;23143;174827;216290;13.24;126752;924944;26716;13.7;2350;21266;1;11.05;3413;27377;1;12.47;155657;1148414;243008;13.55;25.4;20.2;30.7;122;11.7;1014.5
01/07/2008;0;0;0;8742;0;0;8742;0;35184;236281;217058;14.89;126690;908103;26695;13.95;2000;22848;1;8.75;4125;30855;1;13.37;167998;1198086;243755;14.02;27.1;22.2;32.1;91;11.3;1014.9
01/08/2008;0;0;0;5479;0;0;5479;0;29935;207307;216835;14.44;113005;820121;26754;13.78;2434;19699;1;12.36;4491;27503;1;16.33;149864;1074630;243591;13.95;25.5;20.6;30.3;31;11.3;1014.7
01/09/2008;0;0;0;579;0;0;579;0;21358;152988;217338;13.96;107898;787637;26680;13.7;2755;21000;1;13.12;4443;27273;1;16.29;136454;988898;244020;13.8;23.2;18.8;27.7;163;12.2;1019.3
01/10/2008;0;0;0;2741;0;0;2741;0;16948;119867;218643;14.14;99075;727003;26667;13.63;1999;18948;1;10.55;4231;25840;1;16.37;122252;891659;245312;13.71;14.8;9.8;19.9;29;12.6;1021.7
01/11/2008;0;0;0;0;0;0;0;0;16303;125379;219157;13;93556;713174;26696;13.12;2229;21559;1;10.34;4046;24730;1;16.36;116134;884842;245855;13.12;8.1;4.3;11.8;62;13;1018.3
01/12/2008;0;0;0;0;0;0;0;0;23707;181910;220113;13.03;94439;739882;26709;12.76;1911;19620;1;9.74;3979;24721;1;16.1;124036;966134;246824;12.84;4.6;0.2;9;75;14.9;1020.9
01/01/2009;0;0;0;5803;0;0;5803;0;27018;207256;220802;13.04;103872;776054;26738;13.38;2305;22758;1;10.13;3343;26706;1;12.52;136538;1032774;247542;13.22;-0.2;-4;3.5;68;12.9;1018.4
01/02/2009;0;0;0;2875;0;0;2875;0;21434;165124;220975;12.98;85895;648524;26268;13.24;1356;16486;1;8.23;2439;20801;1;11.73;111123;850936;247245;13.06;4.3;-1.2;9.8;9;17.6;1019.7
01/03/2009;0;0;0;0;0;0;0;0;19433;148158;221092;13.12;95700;700211;26289;13.67;1711;19312;1;8.86;3808;25822;1;14.75;120652;893504;247383;13.5;7.3;2.5;12;50;14.4;1022
01/04/2009;0;0;0;581;0;0;581;0;15476;119121;220960;12.99;89769;678656;26242;13.23;1448;19210;1;7.54;3077;23948;1;12.85;109770;840936;247204;13.05;13.8;8.3;19.3;107;14.4;1015.5
01/05/2009;0;0;0;183;0;0;183;0;15789;121425;220757;13;100555;754690;26267;13.32;1639;21271;1;7.71;4739;25036;1;18.93;122723;922421;247026;13.3;18.6;13.9;23.2;205;12.9;1017.4
01/06/2009;0;0;0;7917;0;0;7917;0;21613;152225;220184;14.2;109703;824344;26249;13.31;1773;23032;1;7.7;3197;29156;1;10.97;136287;1028758;246435;13.25;23.1;18.7;27.5;149;12.5;1011
01/07/2009;0;0;0;6057;0;0;6057;0;28644;197216;220654;14.52;112151;852660;26234;13.15;1584;19363;1;8.18;3840;27785;1;13.82;146219;1097025;246890;13.33;24.9;20;29.9;27;12.2;1014.2
01/08/2009;0;0;0;11677;0;0;11677;0;33130;225099;220717;14.72;116859;892026;26215;13.1;1930;19215;1;10.04;3848;29622;1;12.99;155767;1165963;246934;13.36;26.5;21.8;31.3;63;10.5;1016.6
01/09/2009;0;0;0;0;0;0;0;0;22587;152679;221304;14.79;94495;716265;26186;13.19;1355;16428;1;8.25;2905;25400;1;11.44;121342;910772;247492;13.32;21.2;16.9;25.5;84;12.4;1018.9
01/10/2009;0;0;0;0;0;0;0;0;16000;112057;223070;14.28;95205;713254;26278;13.35;1475;16566;1;8.9;3000;24261;1;12.37;115681;866139;249350;13.36;14.7;10.5;18.9;145;13.6;1017.4
01/11/2009;0;0;0;0;0;0;0;0;16369;125969;224988;12.99;87386;670213;26290;13.04;1356;18397;1;7.37;3077;23579;1;13.05;108189;838158;251280;12.91;11.3;7.2;15.3;113;12.8;1019.7
01/12/2009;0;0;0;406;0;0;406;0;23288;173326;226030;13.44;100769;765246;26430;13.17;1677;21994;1;7.62;3217;26424;1;12.17;128951;986990;252462;13.07;3.5;-0.3;6.8;149;13.7;1019.7
01/01/2010;0;0;0;0;0;0;0;0;28778;216487;227000;13.29;96023;726996.0;26426.0;13.21;1686;19778.0;1.0;8.52; 2806.0 ;24979.0;1.0;11.23;129293;988240;253428;13.08;1.5;-1.7;7;39;16.2;1017.4
01/02/2010;0;0;0;0;0;0;0;0;24271;181006;227533;13.41;94223;682695.0;26427.0;13.8;1295;18213.0;1.0;7.11; 2521.0 ;20472.0;1.0;12.31;122310;902386;253962;13.55;1.2;-2.1;4.5;54;16.4;1012.2
01/03/2010;0;0;0;2326;0;0;2326;0;19230;145410;227375;13.22;91815;669256.0;26471.0;13.72;956;18160.0;1.0;5.26; 2334.0 ;25102.0;1.0;9.3;114335;857927;253848;13.33;10.7;5.9;15.5;90;15.7;1012.2
01/04/2010;0;0;0;805;0;0;805;0;15254;111085;227734;13.73;92091;677459.0;26477.0;13.59;1266;17653.0;1.0;7.17; 2172.0 ;22435.0;1.0;9.68;110784;828632;254213;13.37;16;9.9;22;38;13.4;1014.7
01/05/2010;0;0;0;23925;0;0;23925;0;18894;135005;227319;14;104019;794394.0;26441.0;13.09;1722;20749.0;1.0;8.3; 2796.0 ;26273.0;1.0;10.64;127432;976421;253762;13.05;20.7;15.7;25.7;61;13.6;1016.5
01/06/2010;0;0;0;74421;0;0;74421;0;29561;200574;226548;14.74;123713;915372.0;26466.0;13.52;1831;22757.0;1.0;8.05; 3740.0 ;33320.0;1.0;11.22;158845;1172022;253016;13.55;27;21.8;32.1;48;13.4;1013.5
01/07/2010;0;0;0;50938;0;0;50938;0;41001;281005;226914;14.59;120819;882178.0;26444.0;13.7;1851;18756.0;1.0;9.87; 3592.0 ;28569.0;1.0;12.57;167262;1210508;253360;13.82;28.4;23.3;33.5;131;11.7;1015.2
01/08/2010;0;0;0;23994;0;0;23994;0;34922;236540;227090;14.76;117559;883096.0;26484.0;13.31;1478;18171.0;1.0;8.13; 3241.0 ;29356.0;1.0;11.04;157200;1167163;253576;13.47;26.7;22.2;31.3;66;11.1;1015.5
01/09/2010;0;0;0;14703;0;0;14703;0;24388;169486;227281;14.39;104309;787307.0;26434.0;13.25;1100;18511.0;1.0;5.94; 2987.0 ;27812.0;1.0;10.74;132784;1003115;253717;13.24;24.2;18.7;29.7;153;13.4;1015.2
01/10/2010;0;0;0;3376;0;0;3376;0;18146;126272;228101;14.37;94417;712998.0;26451.0;13.24;1202;17192.0;1.0;6.99; 2475.0 ;25177.0;1.0;9.83;116239;881639;254554;13.18;16.4;11.5;21.2;87;14;1014.2
01/11/2010;0;0;0;0;0;0;0;0;16135;121113;228454;13.32;94961;710047.0;26405.0;13.37;1436;18371.0;1.0;7.82; 2384.0 ;23216.0;1.0;10.27;114917;872747;254861;13.17;10.2;5.4;15.1;57;11.9;1020.2
01/12/2010;0;0;0;5370;0;0;5370;0;26870;199329;229241;13.48;102356;767689.0;26465.0;13.33;1954;21287.0;1.0;9.18; 3411.0 ;27890.0;1.0;12.23;134590;1016196;255708;13.24;1.5;-1.9;4.9;45;17.3;1015.4
01/01/2011;0;0;4810;1950;4810;0;1950;0;31331;229985;229758;13.62;97995;744163.0;26441.0;13.17;1450;19395.0;1.0;7.48; 3007.0 ;25049.0;1.0;12;133782;1018592;256201;13.13;1;-2.4;4.3;57;13.5;1017.1
01/02/2011;0;0;4250;0;4250;0;0;0;23501;172295;230075;13.64;86840;645713.0;26466.0;13.45;1195;16953.0;1.0;7.05; 2398.0 ;21972.0;1.0;10.91;113934;856933;256543;13.3;5.4;0.2;10.7;54;15.3;1018
01/03/2011;0;0;4925;0;4925;0;0;0;20289;133653;229951;15.18;95098;709979.0;26490.0;13.39;1225;18698.0;1.0;6.55; 2651.0 ;27289.0;1.0;9.71;119262;889619;256443;13.41;7.6;2.9;12.2;112;15.6;1020.5
01/04/2011;0;0;5489;0;5489;0;0;0;18291;133745;230088;13.68;86723;658668.0;26460.0;13.17;1303;17195.0;1.0;7.58; 2438.0 ;23992.0;1.0;10.16;108755;833601;256550;13.05;14.9;9.4;20.3;81;16.4;1013.8
01/05/2011;0;0;5835;3321;5835;0;3321;0;17879;127464;229766;14.03;102931;785684.0;26459.0;13.1;1509;20374.0;1.0;7.41; 2868.0 ;27044.0;1.0;10.6;125187;960566;256227;13.03;20.2;15.2;25.2;43;12.3;1014.3
01/06/2011;0;0;6857;24421;6857;0;24421;0;28491;201773;229097;14.12;109261;833736.0;26486.0;13.1;1643;18094.0;1.0;9.08; 3335.0 ;29707.0;1.0;11.23;142729;1083309;255585;13.18;26;20.9;31.1;43;12.2;1013.6
01/07/2011;0;0;7809;72812;7809;0;72812;0;35372;271544;228952;13.03;117585;929330.0;26544.0;12.65;1462;19053.0;1.0;7.67; 3502.0 ;30906.0;1.0;11.33;157921;1250834;255498;12.63;29.2;24.1;34.2;77;11.6;1013.9
01/08/2011;0;0;7828;25042;7828;0;25042;0;31322;239882;227805;13.06;102400;801888.0;26576.0;12.77;1404;16927.0;1.0;8.29; 2596.0 ;26254.0;1.0;9.89;137722;1084951;254383;12.69;26.6;21.8;31.4;227;13.4;1012
01/09/2011;0;0;6691;2129;6691;0;2129;0;19868;150285;228450;13.22;94857;752867.0;26469.0;12.6;997;16463.0;1.0;6.06; 2864.0 ;30081.0;1.0;9.52;118585;949696;254921;12.49;21.8;18.3;25.3;225;10.1;1016.4
01/10/2011;0;0;5923;0;5923;0;0;0;15694;118282;229296;13.27;91815;719803.0;26490.0;12.76;782;15816.0;1.0;4.94; 2504.0 ;26810.0;1.0;9.34;110795;880711;255788;12.58;14.6;10.1;19.2;99;11.9;1016.5
01/11/2011;0;0;5144;0;5144;0;0;0;14322;120770;229783;11.86;85739;684062.0;26555.0;12.53;912;18845.0;1.0;4.84; 2149.0 ;24262.0;1.0;8.86;103121;847939;256340;12.16;11.4;6.3;16.4;49;12.2;1020.3
01/12/2011;0;0;5637;0;5637;0;0;0;19794;161712;230384;12.24;85780;699940.0;26516.0;12.26;1015;18431.0;1.0;5.51; 2153.0 ;25220.0;1.0;8.54;108742;905303;256902;12.01;7.3;3;11.5;125;11.1;1022.7
01/01/2012;4483;0;0;901;4483;0;901;0;21616;183554;230371;11.78;87115;706784.0;26511.0;12.33;867;19760.0;1.0;4.39; 2222.0 ;25789.0;1.0;8.62;111820;935886;256884;11.95;4.9;0.1;9.6;56;14.5;1018.3
01/02/2012;4384;0;0;0;4384;0;0;0;20446;167462;230649;12.21;77519;631673.0;26620.0;12.27;838;17553.0;1.0;4.77; 1898.0 ;23645.0;1.0;8.03;100700;840332;257271;11.98;6.9;2.4;11.3;59;13.7;1019.1
01/03/2012;4810;0;0;0;4810;0;0;0;16185;132630;231019;12.2;80806;661040.0;26542.0;12.22;915;17408.0;1.0;5.26; 1878.0 ;23302.0;1.0;8.06;99785;834380;257563;11.96;13.8;8.4;19.1;26;14.4;1019.6
01/04/2012;4768;0;0;2391;4768;0;2391;0;13064;104574;231783;12.49;82008;666988.0;26495.0;12.3;994;18955.0;1.0;5.24; 2142.0 ;25428.0;1.0;8.42;98208;815946;258280;12.04;14.6;9.2;20.1;49;15;1014.2
01/05/2012;5745;0;0;6107;5745;0;6107;0;16948;136740;231894;12.39;94475;770335.0;26518.0;12.26;941;20256.0;1.0;4.65; 2817.0 ;29748.0;1.0;9.47;115181;957079;258414;12.03;21.9;17;26.7;84;12.3;1016.1
01/06/2012;5723;0;0;0;5723;0;0;0;23595;179048;230856;13.18;92942;772663.0;26534.0;12.03;1058;18518.0;1.0;5.71; 2626.0 ;29417.0;1.0;8.93;120221;999646;257392;12.03;24.6;19.2;30;61;12.9;1014.4
01/07/2012;6745;0;0;0;6745;0;0;0;32296;263529;231062;12.26;106999;902104.0;26583.0;11.86;1186;18290.0;1.0;6.48; 2990.0 ;31921.0;1.0;9.37;143471;1215845;257647;11.8;28.9;23.8;34;71;11;1014.4
01/08/2012;6239;0;0;0;6239;0;0;0;29601;241976;230291;12.23;98655;838668.0;26572.0;11.76;1103;18816.0;1.0;5.86; 2832.0 ;30492.0;1.0;9.29;132191;1129953;256865;11.7;27.2;22.4;32;71;10.5;1015.6
01/09/2012;5681;0;0;0;5681;0;0;0;19773;161781;231194;12.22;84653;720908.0;26690.0;11.74;918;16100.0;1.0;5.7; 2467.0 ;26650.0;1.0;9.26;107811;925440;257886;11.65;22.3;17.6;27.1;109;12.2;1017.5
01/10/2012;4921;0;0;0;4921;0;0;0;14610;118295;232504;12.35;83251;687919.0;26615.0;12.1;956;16893.0;1.0;5.66; 2415.0 ;25569.0;1.0;9.45;101231;848676;259121;11.93;16.1;11.7;20.5;148;12.5;1014.9
01/11/2012;4142;0;0;0;4142;0;0;0;16516;135217;233339;12.21;80694;693712.0;26573.0;11.63;1200;18078.0;1.0;6.64; 2573.0 ;27393.0;1.0;9.39;100983;874400;259914;11.55;8.1;3.5;12.7;15;12.6;1022.7
01/12/2012;4748;0;0;0;4748;0;0;0;21291;177721;233642;11.98;78444;660542.0;26314.0;11.88;942;17748.0;1.0;5.31; 2379.0 ;25251.0;1.0;9.42;103056;881263;259958;11.69;7.4;3.6;11.3;77;12.4;1017.5
01/01/2013;5048;0;0;0;5048;0;0;0;20284.42;168188;234359;12.06;72365.65;604629.15;26404.0;11.97;1097.62;19117.7;1.0;5.74; 2381.3 ;24890.53;1.0;9.57;96128.99;816825;260765;11.77;4.6;0.6;8.6;65;13.1;1022.2
01/02/2013;5047;0;0;0;5047;0;0;0;21632.98;180750;235300;11.97;74620.13;627930.75;26545.0;11.88;838.81;15521.24;1.0;5.4; 2221.87 ;22569.61;1.0;9.84;99313.79;846772;261847;11.73;3.5;-0.2;7.3;42;15;1017.3
01/03/2013;5107;0;0;0;5107;0;0;0;24153.25;198952;235279;12.14;86534.99;729397.8;26586.0;11.86;1954.72;22635.04;1.0;8.64; 2584.14 ;26354.6;1.0;9.81;115227.1;977340;261867;11.79;6.6;2.3;10.8;71;17.5;1015.4
01/04/2013;4991;0;0;0;4991;0;0;0;15889.96;128554;235000;12.36;73318.23;620136.19;26545.0;11.82;800.98;17572.95;1.0;4.56; 2421.85 ;24842.76;1.0;9.75;92431.01;791106;261547;11.68;14.9;9.4;20.5;70;14.9;1020
01/05/2013;5336;0;0;0;5336;0;0;0;15147.91;121038;235507;12.52;85209.15;717698.22;26584.0;11.87;995.21;20835.59;1.0;4.78; 2825.64 ;29011.13;1.0;9.74;104177.9;888583;262093;11.72;19.3;14.2;24.3;72;14.1;1018.6
01/06/2013;5968;0;0;0;5968;0;0;0;22175.21;175324;234314;12.65;92901.19;789494.01;26518.0;11.77;1085.58;20375.04;1.0;5.33; 2890.82 ;30601.82;1.0;9.45;119052.81;1015794;260834;11.72;24.7;20.3;29.1;253;12.6;1013.8
01/07/2013;6421;0;0;0;6421;0;0;0;31553.06;244710;234789;12.89;104494.35;869605.43;26541.0;12.02;1294.47;22887.41;1.0;5.66; 3131.04 ;34044.54;1.0;9.2;140472.92;1171247;261332;11.99;27.4;23.5;31.3;112;12.8;1017.5
01/08/2013;6690;0;0;0;6690;0;0;0;29616.62;228156;234173;12.98;99055.74;829627.55;26522.0;11.94;989.51;17510.68;1.0;5.65; 2746.87 ;30156.22;1.0;9.11;132408.74;1105451;260697;11.98;25;20.8;29.3;34;11.8;1017.4
01/09/2013;6047;0;0;0;6047;0;0;0;18635.09;145696;234782;12.79;82798.82;692326.83;26535.0;11.96;1027.11;17404.99;1.0;5.9; 2374.44 ;26144.96;1.0;9.08;104835.46;881573;261319;11.89;21.8;16.5;27.2;31;11.6;1017.4
01/10/2013;5590;0;0;0;5590;0;0;0;16354.93;125177;235834;13.07;83696.17;688746.6;26560.0;12.15;849.34;16386.32;1.0;5.18; 2530.26 ;27142.71;1.0;9.32;103430.7;857453;262396;12.06;16.9;12.4;21.4;159;11.9;1018.6
01/11/2013;4814;0;0;0;4814;0;0;0;17147.43;133158;236555;12.88;77901.36;641832.26;26613.0;12.14;736.8;17273.11;1.0;4.27; 2424.22 ;25055.41;1.0;9.68;98209.8;817319;263170;12.02;8.1;3.6;12.6;74;14;1023.5
01/12/2013;4794;0;0;0;4794;0;0;0;22984.09;183915;237973;12.5;82012.64;687718.22;26409.0;11.93;919.98;19864.94;1.0;4.63; 2437.75 ;24558.71;1.0;9.93;108354.46;916056;264384;11.83;5.7;1.6;9.9;141;12.1;1020.9
01/01/2014;5009;0;0;0;5009;0;0;0;27541.84;218682;238526;12.59;93386.7;736898.28;26558.0;12.67;1773.76;20478.36;1.0;8.66; 2841.09 ;28848.62;1.0;9.85;125543.39;1004907;265086;12.49;0.2;-4.6;4.9;66;14.5;1018.6
01/02/2014;5087;0;0;0;5087;0;0;0;25096.23;197540;238527;12.7;82175.3;643704.12;26459.0;12.77;2838.23;16930.27;1.0;16.76; 2232.16 ;22649.36;1.0;9.86;112341.92;880823;264988;12.75;3.3;-1.2;7.7;102;13.7;1018.7
01/03/2014;5557;0;0;0;5557;0;0;0;23868.04;189536;238756;12.59;83810.73;690005.7;26549.0;12.15;2157.01;20144.18;1.0;10.71; 2495.31 ;25723.43;1.0;9.7;112331.09;925409;265307;12.14;6.1;0.9;11.2;108;16.2;1017.4
01/04/2014;5125;0;0;0;5125;0;0;0;19759.24;150864;238767;13.1;78335.11;660476.82;26540.0;11.86;1228.54;18911.04;1.0;6.5; 2512.83 ;26205.92;1.0;9.59;101835.71;856458;265309;11.89;14.1;8.6;19.6;164;14.5;1017.4
01/05/2014;5347;0;0;0;5347;0;0;0;17900.96;125553;238230;14.26;87387.78;717508.54;26474.0;12.18;1435.1;20649.9;1.0;6.95; 2752.26 ;27305.54;1.0;10.08;109476.11;891017;264706;12.29;20.3;15;25.5;126;11.9;1016.7
01/06/2014;5611;0;0;0;5611;0;0;0;22059.76;166545;237255;13.25;89622.87;763317.29;26422.0;11.74;1715.44;21093.22;1.0;8.13; 2805.74 ;29386.69;1.0;9.55;116203.8;980342;263679;11.85;25.1;20.5;29.8;84;12.1;1016
01/07/2014;6047;0;0;0;6047;0;0;0;27363.56;225748;238035;12.12;94373.94;832925.6;26339.0;11.33;1735.82;19479.71;1.0;8.91; 3164.53 ;31826.43;1.0;9.94;126637.86;1109980;264376;11.41;26.3;21.6;31.1;119;13.2;1015.6
01/08/2014;5984;0;0;0;5984;0;0;0;24163.18;191602;237673;12.61;86404.48;755884.71;26375.0;11.43;1370.68;17432.0;1.0;7.86; -0.01 ;29184.29;1.0;0;111938.33;994103;264050;11.26;25.4;20.9;29.8;86;9.9;1016.9
01/09/2014;5789;0;0;0;5789;0;0;0;20487.77;162959;238563;12.57;109041.51;709011.24;26342.0;15.38;363.03;17990.87;1.0;2.02; 2637.23 ;29109.75;1.0;9.06;132529.54;919071;264907;14.42;23.3;18.8;27.7;28;11.8;1019.4
01/10/2014;4705;0;0;0;4705;0;0;0;17386.07;132031;240399;13.17;79686.67;691706.78;26425.0;11.52;1689.34;21170.38;1.0;7.98; 2614.96 ;27718.7;1.0;9.43;101377.04;872627;266826;11.62;17.2;12.6;21.7;89;13.5;1014.6
01/11/2014;5105;0;0;0;5105;0;0;0;16800.27;132120;242978;12.72;79412.36;668517.21;26462.0;11.88;1722.14;24526.76;1.0;7.02; 2620.55 ;27410.94;1.0;9.56;100555.32;852575;269442;11.79;8.9;4.4;13.3;67;14.5;1019.1
01/12/2014;5607;0;0;0;5607;0;0;0;21545.91;179026;244549;12.04;78781.12;678280.71;26610.0;11.61;2338.06;23342.3;1.0;10.02; 2442.32 ;25628.33;1.0;9.53;105107.41;906277;271161;11.6;6.5;3.1;9.9;89;12.9;1021.6
01/01/2015;1713;0;0;0;1699;0;14;0;45044.69;374865;236258;12.02;72821.15;586573.8;23408.0;12.41;1697.31;20147.06;1.0;8.42; 3237.5 ;34893.35;1.0;9.28;122800.65;1016479;259668;12.08;1.9;-1.8;5.9;94.8;13.8;1018.6
01/02/2015;1575;0;0;0;1538;0;37;0;19619.1;149072;243616;13.16;86188.63;752697.37;25289.0;11.45;1427.3;16656.91;1.0;8.57; 2055.54 ;37455.94;1.0;5.49;109290.57;955882;268907;11.43;-1.1;-5.8;4;42.7;15.6;1018.7
01/03/2015;1675;0;0;0;1671;0;4;0;26570.75;214690;246084;12.38;83948.99;666256.39;25292.0;12.6;1686.71;19818.28;1.0;8.51; 1447.13 ;13557.13;1.0;10.67;113653.57;914322;271378;12.43;7;2.3;12.5;102.6;13.6;1017.4
01/04/2015;1718;0;0;0;1715;0;3;0;23486.25;177827;247507;13.21;76302.33;614022.96;25415.0;12.43;1651.84;18605.09;1.0;8.88; 2976.79 ;31905.54;1.0;9.33;104417.21;842361;272924;12.4;15.3;9.7;20.8;86.8;15.2;1017.4
01/05/2015;1951;0;0;0;1946;0;5;0;16755.76;126699;246891;13.22;82289.41;725393.38;25349.0;11.34;1700.88;20315.83;1.0;8.37; 2790.62 ;30578.36;1.0;9.13;103536.66;902987;272242;11.47;22.5;17.7;28.1;48.9;13;1016.7
01/06/2015;2161;3816;0;0;2155;3816;6;0;30813.28;240941;244989;12.79;91748.96;741854.68;25525.0;12.37;1778.3;20751.97;1.0;8.57; 2510.74 ;25360.68;1.0;9.9;126851.28;1028909;270516;12.33;25.3;21.2;30.1;303.4;13.1;1016
01/07/2015;2327;4576;0;0;2320;4576;7;0;37374.94;273937;247099;13.64;94685.13;799092.21;25763.0;11.85;1690.18;19164.56;1.0;8.82; 2858.77 ;31925.98;1.0;8.95;136609.03;1124120;272864;12.15;27.2;23.2;31.7;127.4;11;1015.6
01/08/2015;2252;4396;0;0;2247;4396;5;0;30762.06;236040;247944;13.03;90604.39;788758.14;25835.0;11.49;1597.56;17149.98;1.0;9.32; 2755.87 ;30547.95;1.0;9.02;125719.88;1072496;273781;11.72;26;21.4;31.1;29.4;12.2;1016.9
01/09/2015;2040;4029;0;0;2037;4029;3;0;28663.64;224987;249807;12.74;86813.59;712857.49;25883.0;12.18;1495.45;17699.81;1.0;8.45; 2391.66 ;24808.24;1.0;9.64;119364.34;980353;275692;12.18;23.5;19;28.6;54.6;12.4;1019.4
01/10/2015;1799;4627;0;0;1796;4627;3;0;21450.95;154115;251442;13.92;67183.95;572967.71;25776.0;11.73;1924.68;20827.88;1.0;9.24; 2292.38 ;24857.64;1.0;9.22;92851.97;772769;277220;12.02;14.7;10.2;19.7;77.3;13.6;1014.6
01/11/2015;1746;4662;0;0;1739;4662;7;0;17071.38;124522;251672;13.71;78198.69;650206.47;25831.0;12.03;2187.07;24129.97;1.0;9.06; 2925.82 ;31753.29;1.0;9.21;100382.96;830612;277505;12.09;12;7.4;16.7;53.4;11.8;1019.1
01/12/2015;1793;4892;0;0;1790;4892;3;0;26696.16;199862;256316;13.36;76321.36;610929.4;25902.0;12.49;2090.26;22964.66;1.0;9.1; 1800.43 ;16187.91;1.0;11.12;106908.21;849944;282220;12.58;10.5;6.4;14.9;123;11.5;1021.6
01/01/2016;1902;4516;0;0;1724;4514;180;0;24065.1;193468;256960;12.44;85101.5;730976.03;25911.0;11.64;1580.02;17202.75;1.0;9.18; 3093.71 ;34719.13;1.0;8.91;113840.33;976366;282873;11.66;1.6;-2.5;5.9;68.1;15.2;1018.6
01/02/2016;1730;4205;0;0;1642;4203;90;0;30205.56;247857;257547;12.19;88489.29;711592.89;25915.0;12.44;1173.19;13409.04;1.0;8.75; 2149.07 ;21984.61;1.0;9.78;122017.11;994844;283464;12.27;4.3;0.1;8.7;96.2;16.3;1018.7
01/03/2016;1798;4389;0;0;1752;4387;48;0;21996.6;173819;257485;12.65;82097.73;708381.45;25922.0;11.59;1433.51;16286.41;1.0;8.8; 2126.93 ;22698.77;3.0;9.37;107654.77;921186;283411;11.69;11.6;6.7;17.3;29.5;15.8;1017.4
01/04/2016;1739;4676;0;0;1691;4674;50;0;20597.27;160314;257605;12.85;67517.99;563556.09;25900.0;11.98;1489.05;16413.23;1.0;9.07; 2791.45 ;28674.78;3.0;9.73;92395.75;768958;283509;12.02;13.8;8.2;19.4;52.2;16.3;1017.4
01/05/2016;1953;4655;0;0;1903;4653;52;0;16585.7;126419;258548;13.12;78636.73;670323.27;25950.0;11.73;1194.93;13848.26;1.0;8.63; 2881.1 ;32125.33;3.0;8.97;99298.46;842716;284502;11.78;17.3;13.6;21.8;143.6;12;1016.7
01/06/2016;2242;4374;0;0;2164;4371;81;0;31553.56;257361;258720;12.26;86948.28;750281.58;25910.0;11.59;1053.13;10236.34;1.0;10.29; 2389.62 ;22523.16;3.0;10.61;121944.59;1040402;284634;11.72;24.4;19.6;29.6;93.5;13.6;1016
01/07/2016;2602;4431;0;0;2450;4428;155;0;31058.94;264534;258921;11.74;89751.44;794307.44;25874.0;11.3;3180.13;37283.3;1.0;8.53; 3505.21 ;35045.36;3.0;10;127495.72;1131170;284799;11.27;27.8;23.5;32.9;79.7;12;1015.6
01/08/2016;2582;4393;0;0;2456;4390;129;0;34316.05;286243;259828;11.99;94896.44;822089.54;25892.0;11.54;994.28;11374.72;1.0;8.74; 2580.02 ;28206.37;3.0;9.15;132786.78;1147913;285724;11.57;27.8;23.2;33.2;70.9;12.5;1016.9
01/09/2016;2106;3995;0;0;2063;3992;46;0;33397.34;285019;260650;11.72;76188.46;664848.44;25913.0;11.46;1276.81;14895.12;1.0;8.57; 2510.82 ;26297.75;3.0;9.55;113373.43;991061;286567;11.44;24.3;20.3;28.6;63.5;14.2;1019.4
01/10/2016;1771;3894;0;0;1718;3892;55;0;22451.05;173623;261266;12.93;78987.56;655578.74;25933.0;12.05;1314.51;15161.04;1.0;8.67; 2879.53 ;30746.69;3.0;9.37;105632.65;875109;287203;12.07;17;12.6;21.9;22.9;13.9;1014.6
01/11/2016;1624;4376;0;0;1567;4374;59;0;18391.05;140559;261681;13.08;75039.69;637414.26;25973.0;11.77;1088.42;12733.28;1.0;8.55; 2361.82 ;25053.45;3.0;9.43;96880.97;815760;287658;11.88;11;6.2;16.7;19.3;12.4;1019.1
01/12/2016;1622;4894;0;0;1569;4892;55;0;22887.77;192677;263487;11.88;76975.19;659129.29;25985.0;11.68;1165.06;13610.5;1.0;8.56; 2280.58 ;23102.6;3.0;9.87;103308.6;888519;289476;11.63;5.2;1.3;9.6;66.5;14.9;1021.6
01/01/2017;9717;0;0;0;4452;5265;0;0;27402.73;221568;265192;12.37;75304.33;665757.82;26038.0;11.31;1055.39;13148.45;1.0;8.03; 2423.38 ;25266.17;3.0;9.59;106185.83;925740;291234;11.47;5.4;2.1;9.2;70;15.3;1018.6
01/02/2017;5497;0;0;0;1881;3616;0;0;23150.29;180365;265178;12.84;68510.82;582487.02;26021.0;11.76;976.84;11834.01;1.0;8.25; 2437.09 ;25825.14;3.0;9.44;95075.03;800511;291203;11.88;8.4;3.2;14.2;17.3;15.5;1018.7
01/03/2017;8894;0;0;0;3913;4981;0;0;24206.88;185640;265972;13.04;76702.93;643672.55;26065.0;11.92;1185.27;14328.26;1.0;8.27; 2478.19 ;25493.48;3.0;9.72;104573.27;869134;292041;12.03;8.1;3.3;13.6;81.2;18.2;1017.4
01/04/2017;3865;0;0;0;69;3796;0;0;21664.35;165475;266106;13.09;71032.46;595662.56;26061.0;11.92;1288.61;15205.33;1.0;8.47; 2533.79 ;26115.45;3.0;9.7;96519.2;802458;292171;12.03;17.4;12.6;22.7;66.6;14.9;1017.4
01/05/2017;4614;0;0;0;1063;3551;0;0;20824.17;153763;266246;13.54;75934.37;655075.2;26076.0;11.59;1205.64;14503.69;1.0;8.31; 2551.94 ;27115.6;3.0;9.41;100516.13;850458;292326;11.82;18.5;13.9;23.3;141.1;14.9;1016.7
01/06/2017;5927;0;0;0;3910;2017;0;0;27931.84;221876;267538;12.59;84868.8;726469.04;26123.0;11.68;1301.45;15597.13;1.0;8.34; 2783.74 ;28920.02;3.0;9.63;116885.82;992863;293665;11.77;25.2;20.1;30.2;28.7;14.9;1016
01/07/2017;5666;0;0;0;357;5309;0;0;35236.7;288216;268012;12.23;85917.14;769516.68;26143.0;11.17;1689.84;19919.75;1.0;8.48; 3157.96 ;34850.92;3.0;9.06;126001.64;1112504;294159;11.33;27.3;23;32.2;232.4;12.5;1015.6
01/08/2017;2615;0;0;0;345;2270;0;0;30672.51;243019;268746;12.62;83554.1;750831.63;26155.0;11.13;1004.2;12624.25;1.0;7.95; 2529.48 ;27485.16;3.0;9.2;117760.28;1033960;294905;11.39;24.9;21.2;29.2;116.4;11.5;1016.9
01/09/2017;5197;0;0;0;2999;2198;0;0;26476.61;202431;268685;13.08;79032.41;671683.62;26165.0;11.77;1233.73;15179.53;1.0;8.13; 2185.4 ;28582.45;3.0;7.65;108928.16;917877;294854;11.87;22.3;17.9;27.1;36.4;12.1;1019.8
01/10/2017;4692;0;0;0;0;4692;0;0;22837.53;169973;268280;13.44;79780.86;665784.95;26120.0;11.98;1312.64;16068.03;1.0;8.17; 2246.11 ;27702.58;3.0;8.11;106177.14;879529;294404;12.07;18.1;13.4;23.1;51.2;13;1014.6
01/11/2017;4285;0;0;0;118;4167;0;0;24251.9;173266;269477;14;73700.48;605042.68;26164.0;12.18;1228;14968.42;1.0;8.2; 2308.33 ;29549.17;3.0;7.81;101488.71;822826;295645;12.33;9.6;5;14.8;51;13.5;1019.1
01/12/2017;5902;0;0;0;597;5305;0;0;25108.83;189058;269947;13.28;79029.85;674241.26;26199.0;11.72;1344.06;16806.16;1.0;8; 2206.69 ;28479.86;3.0;7.75;107689.43;908586;296150;11.85;3.9;0.1;7.9;12.9;13.2;1021.6
01/01/2018;6937;0;0;0;2665;4272;0;0;31834.16;258815;270939;12.3;83082.29;697949.73;26220.0;11.9;1204.95;14582.03;1.0;8.26; 2124.17 ;21197.93;3.0;10.02;118245.57;992545;297163;11.91;1.6;-2.9;7.1;23.9;15.9;1018.6
01/02/2018;7593;0;0;0;2289;5304;0;0;26515.11;198222;272136;13.38;72087.74;586755.98;26208.0;12.29;1293.61;15421.7;1.0;8.39; 2657.75 ;27554.37;3.0;9.65;102554.2;827954;298348;12.39;7.1;2.8;12;121.7;14.1;1018.5
01/03/2018;8844;0;0;0;3068;5776;0;0;25135.57;206283;272986;12.19;73721.93;702649.09;26236.0;10.49;1292.42;16287.04;1.0;7.94; 2332.0 ;26533.9;3.0;8.79;102481.91;951753;299226;10.77;6.1;1.9;11.1;48.8;18.9;1017.4
01/04/2018;9549;0;0;0;4442;5107;0;0;24094.59;175586;273286;13.72;77214.54;607286.65;26251.0;12.71;1292.9;15304.22;1.0;8.45; 2561.85 ;26584.3;3.0;9.64;105163.88;824761;299541;12.75;12.3;7.3;18.1;91.3;17.3;1017.4
01/05/2018;3814;0;0;0;903;4717;0;0;22972.02;167339;273488;13.73;78059.94;672944.94;26275.0;11.6;1283.08;15986.09;1.0;8.03; 2474.69 ;27199.17;3.0;9.1;104789.73;883469;299767;11.86;22;17.4;27.5;221.7;12.9;1016.7
01/06/2018;6552;0;0;0;2223;4329;0;0;26754.99;221775;273730;12.06;83299.48;693790.23;26294.0;12.01;1582.28;18468.52;1.0;8.57; 2530.18 ;27730.12;3.0;9.12;114166.93;961764;300028;11.87;24.2;19.9;29.2;132.3;12.2;1016
01/07/2018;9104;0;0;0;4542;4562;0;0;31562.18;262975;274517;12;90600.98;794489.83;26380.0;11.4;1596.02;19899.44;1.0;8.02; 2780.36 ;31758.14;3.0;8.75;126539.54;1109122;300901;11.41;26.8;22.7;31.4;247.2;12.2;1015.6
01/08/2018;4698;0;0;0;368;4330;0;0;33371.52;265653;275431;12.56;96555.32;782776.7;26409.0;12.34;1525.05;17869.88;1.0;8.53; 2772.32 ;29318.17;3.0;9.46;134224.21;1095618;301844;12.25;26.8;22.9;31.6;131.9;11.4;1017
01/09/2018;6007;0;0;0;1860;4147;0;0;30219.55;240595;275959;12.56;83437.57;708536.75;26426.0;11.78;992.54;11822.04;1.0;8.4; 2687.87 ;26934.12;3.0;9.98;117337.53;987888;302389;11.88;23.8;20.6;27.7;247.2;13;1020.3
01/10/2018;3796;0;0;0;731;4527;0;0;26226.7;192834;276499;13.6;83126.09;681829.07;26413.0;12.19;1514.65;18525.44;1.0;8.18; 3015.42 ;30437.2;3.0;9.91;113882.86;923625;302916;12.33;16.7;12.8;21.1;77.8;13.2;1018.4
01/11/2018;4205;0;0;0;202;4407;0;0;26044.2;188164;277376;13.84;83919.08;670869.64;26445.0;12.51;518.69;6584.1;1.0;7.88; 3114.57 ;31349.04;3.0;9.94;113596.54;896967;303825;12.66;8.1;4.5;11.7;192.4;14.2;1019.3
01/12/2018;8232;0;0;0;3149;5083;0;0;28138.34;214000;279010;13.15;80647.44;636346.42;26473.0;12.67;1886.02;21911.51;1.0;8.61; 3074.02 ;30184.54;3.0;10.18;113745.81;902443;305487;12.6;6.2;2.7;10;147.8;12.4;1020
01/01/2019;14698;0;0;436;10101;4597;0;436;29870.56;229644;279972;13.01;85249.69;686121.52;26474.0;12.42;1043.09;12366.52;1.0;8.43; 2660.93 ;26181.75;3.0;10.16;118824.27;954314;306450;12.45;2.9;-1;6.8;84;15.6;1019.8
01/02/2019;12129;0;0;429;7711;4418;0;429;28118.01;215914;279980;13.02;74949.28;570046.08;26477.0;13.15;1399.33;16273.96;1.0;8.6; 2682.24 ;26132.33;3.0;10.26;107148.85;828366;306461;12.94;5.7;1.4;10;90;13.3;1021.6
01/03/2019;14354;0;0;666;9836;4518;0;666;29033.56;212468;280372;13.66;77193.85;645476.98;26451.0;11.96;1385.08;16437.31;1.0;8.43; 2657.42 ;25474.17;3.0;10.43;110269.92;899856;306827;12.25;8.2;3.4;13;102;16.1;1020.7
01/04/2019;13221;0;0;700;8571;4650;0;700;22248.51;155616;281090;14.3;74500.03;590126.73;26440.0;12.62;1316.94;15616.8;1.0;8.43; 2407.94 ;23396.31;3.0;10.29;100473.42;784756;307534;12.8;16.9;11.4;22.3;57;14.7;1015.9
01/05/2019;11655;0;0;1017;7276;4379;0;1017;25161.62;181246;281400;13.88;87588.59;691830.74;26440.0;12.66;1649.51;19962.96;1.0;8.26; 3010.78 ;29075.28;3.0;10.36;117410.49;922115;307844;12.73;21.6;16.9;26.4;126;13.7;1014.6
01/06/2019;14609;0;0;903;10232;4377;0;903;25434.52;210125;282017;12.1;81160.13;686190.32;26465.0;11.83;1486.44;18280.68;1.0;8.13; 2765.29 ;27738.74;3.0;9.97;110846.37;942335;308486;11.76;24.6;19.7;29.6;109;14.7;1014
01/07/2019;13347;0;0;962;8571;4776;0;962;36522.19;300013;282669;12.17;94452.35;782335.99;26481.0;12.07;1397.07;17452.46;1.0;8.01; 3359.47 ;36961.42;3.0;9.09;135731.09;1136763;309154;11.94;27.8;22.9;32.7;165;11.6;1015.3
01/08/2019;13953;0;0;876;9016;4937;0;876;33079.75;266944;282656;12.39;87730.16;776588.52;26458.0;11.3;1049.69;13400.83;1.0;7.83; 2550.94 ;29801.44;3.0;8.56;124410.54;1086735;309118;11.45;26.7;21.9;31.5;51;11.7;1015.1
01/09/2019;13711;0;0;897;9508;4203;0;897;29259.92;228783;282994;12.79;79521.57;649682.7;26454.0;12.24;1182.19;15000.71;1.0;7.88; 5731.42 ;65414.91;3.0;8.76;115695.1;958881;309452;12.07;24.7;19.6;29.9;7;12.5;1019.1
01/10/2019;13042;0;0;733;9033;4009;0;733;24635.22;182912;283573;13.47;81335.98;659180.61;26490.0;12.34;242.5;2918.65;1.0;8.31; 9.61 ;55.7;3.0;17.26;106223.32;845067;310067;12.57;17.9;13.3;22.4;169;13.5;1018.4
01/11/2019;13165;0;0;656;8106;5059;0;656;23170.06;168211;285101;13.77;75722.2;592458.98;26489.0;12.78;1351.38;16409.51;1.0;8.24; 2894.52 ;33326.45;3.0;8.69;103138.15;810406;311594;12.73;7.8;3.5;12.2;35;14.1;1019.6
01/12/2019;17367;0;0;554;12162;5205;0;554;24152.54;195044;285498;12.38;75591.54;622265.85;26532.0;12.15;1270.76;15511.63;1.0;8.19; 2468.55 ;25987.51;3.0;9.5;103483.38;858809;312034;12.05;5.7;1.6;9.7;83;12.1;1019.1
01/01/2020;17150;0;0;682;11938;5210;2;682;28181.01;227583;286238;12.38;74537.14;630459.95;26574.0;11.82;1348.21;16543.95;1.0;8.15; 2887.01 ;31637.76;3.0;9.13;106953.37;906225;312816;11.8;5.8;1.7;9.9;71;14;1021.3
01/02/2020;17570;0;0;724;12723;4845;2;724;23126.65;180593;286787;12.81;71145.25;592967.33;26566.0;12;1275.78;15690.66;1.0;8.13; 2578.75 ;26717.14;3.0;9.65;98126.44;815968;313357;12.03;6.6;2.1;11.1;82;14.2;1017.7
01/03/2020;14348;0;0;1142;8875;5472;1;1142;21729.36;166769;287492;13.03;64380.12;530477.67;26573.0;12.14;2203.1;27099.28;1.0;8.13; 2290.75 ;23135.33;3.0;9.9;90603.33;747481;314069;12.12;11.8;6.8;16.7;59;14.9;1020.3
01/04/2020;10773;0;0;1257;5761;5011;1;1257;20497.49;165143;287943;12.41;62672.66;515316.25;26678.0;12.16;663.09;8056.73;1.0;8.23; 2320.76 ;23567.38;3.0;9.85;86154;712084;314625;12.1;12.9;7.9;18;160;15.8;1012.5
01/05/2020;11126;0;0;1398;6395;4729;2;1398;23303.8;182488;289030;12.77;67757.93;548178.75;26693.0;12.36;674.85;8248.73;1.0;8.18; 2419.89 ;24609.02;3.0;9.83;94156.46;763525;315727;12.33;17.6;12.9;22.4;63;15.8;1017.6
01/06/2020;14890;0;0;1272;10273;4615;2;1272;25497.81;199570;290568;12.78;61277.87;506937.02;26710.0;12.09;1151.23;14408.2;1.0;7.99; 2193.68 ;20912.45;3.0;10.49;90120.6;741827;317282;12.15;25;20.3;29.6;89;13.9;1015.9
01/07/2020;17545;0;0;1363;13981;3562;2;1363;35937.71;304213;291118;11.81;76293.58;672746.27;26713.0;11.34;1213.29;15465.85;1.0;7.85; 2231.02 ;22703.48;3.0;9.83;115675.61;1015128;317835;11.4;28.8;23.9;33.7;165;11.7;1014.4
01/08/2020;18523;0;0;1191;14787;3734;2;1191;32510.92;268278;291631;12.12;69975.34;614182.73;26711.0;11.39;1304.46;16428.51;1.0;7.94; 2516.59 ;26496.29;3.0;9.5;106307.3;925386;318346;11.49;26.4;22.3;30.6;222;11.8;1014.8
01/09/2020;17492;0;0;1007;13231;4259;2;1007;27679.74;220628;292733;12.55;67687.51;574344.0;26704.0;11.79;581.48;7348.58;1.0;7.91; 2246.78 ;22447.09;3.0;10.01;98195.51;824767;319441;11.91;21.2;16.9;25.5;141;11.4;1019.1
01/10/2020;17472;0;0;996;12782;4689;1;996;22670.6;166580;293612;13.61;63930.61;532045.87;26700.0;12.02;600.75;7560.58;1.0;7.95; 2667.39 ;29659.83;3.0;8.99;89869.35;735846;320316;12.21;16.6;12.2;21;124;12.3;1019.4
01/11/2020;14368;0;0;844;9893;4474;1;844;22408.34;167862;293930;13.35;61828.42;541905.14;26724.0;11.41;1585.45;18449.05;1.0;8.59; 2409.97 ;24903.58;3.0;9.68;88232.17;753119;320658;11.72;12.4;7.5;17.3;156;12.3;1022.4
01/12/2020;17152;0;0;821;12897;4253;2;821;26297.15;202882;294511;12.96;66272.37;554999.03;26719.0;11.94;2279.49;31043.88;1.0;7.34; 5143.18 ;55492.65;3.0;9.27;99992.18;844418;321234;11.84;5.3;1.3;9.2;126;14.4;1018.5
01/01/2021;16765;0;0;779;12155;4607;3;779;29320.61;240081;294941;12.21;67751.77;581676.7;26724.0;11.65;1454.78;19552.88;1.0;7.44; 2128.88 ;24164.78;3.0;8.81;100656.04;865476;321669;11.63;3.7;-0.1;7.5;49;13.9;1017.8
01/02/2021;14897;0;0;774;11396;3495;6;774;26941.25;211452;295626;12.74;65645.06;518882.72;26734.0;12.65;1096.68;14512.07;1.0;7.56; 1872.57 ;18790.3;3.0;9.97;95555.55;763637;322364;12.51;3.2;-0.2;6.7;118;15.2;1019.7
01/03/2021;16421;0;0;1151;12237;4181;3;1151;25243.69;196065;296649;12.88;62858.38;516644.79;26692.0;12.17;1013.43;14226.7;1.0;7.12; 2034.75 ;21991.99;3.0;9.25;91150.25;748928;323345;12.17;10.7;5.3;16.1;97;15;1021.7
01/04/2021;11631;0;0;1355;6419;5209;3;1355;20880.93;156895;297518;13.31;59843.8;495799.62;26718.0;12.07;1042.2;14017.86;1.0;7.43; 2077.67 ;21229.44;3.0;9.79;83844.6;687942;324240;12.19;14.5;8.7;20.4;56;15.4;1014.2
01/05/2021;15940;0;0;2170;10618;5319;3;2170;24019.98;179799;297799;13.36;71692.57;566943.53;26754.0;12.65;2779.35;32810.48;1.0;8.47; 2228.58 ;24707.37;3.0;9.02;100720.48;804260;324557;12.52;18.9;13.1;24.7;96;13.6;1019.2
01/06/2021;18097;0;0;1933;13454;4639;4;1933;28217.59;217785;298233;12.96;76559.14;616240.87;26774.0;12.42;1068.51;14678.55;1.0;7.28; 2535.34 ;29150.64;3.0;8.7;108380.58;877855;325011;12.35;24.8;20.1;29.4;140;13.9;1016.6
01/07/2021;19122;0;0;2056;14513;4606;3;2056;36060.06;280174;298534;12.87;91394.5;710253.04;26778.0;12.87;2695.43;34312.17;1.0;7.86; 2101.37 ;23339.09;3.0;9;132251.36;1048078;325316;12.62;27.1;22.4;31.9;108;12.8;1015.5
01/08/2021;17688;0;0;1906;13462;4223;3;1906;37107.57;283788;299078;13.08;96881.26;706728.95;26809.0;13.71;1124.03;15457.73;1.0;7.27; 2751.72 ;32143.62;3.0;8.56;137864.58;1038118;325891;13.28;27.1;22.6;31.7;230;10.5;1017.4
01/09/2021;17277;0;0;1845;12960;4315;2;1845;27294.81;209626;299660;13.02;73048.6;567739.31;26835.0;12.87;2149.42;26930.85;1.0;7.98; 1946.51 ;17460.35;3.0;11.15;104439.34;821756;326499;12.71;22.9;18.2;27.6;103;12.2;1016.4
01/10/2021;14218;0;0;1646;9425;4791;2;1646;24068.23;174444;300122;13.8;79111.21;568778.71;26828.0;13.91;1825.9;20504.54;1.0;8.9; 2212.75 ;23727.0;3.0;9.33;107218.08;787454;326954;13.62;19;14.7;23.4;83;12.6;1015.5
01/11/2021;15631;0;0;1481;10585;5044;2;1481;24856.11;176696;300698;14.07;87914.42;606916.86;26871.0;14.49;1245.28;15724.07;1.0;7.92; 2263.33 ;17441.49;3.0;12.98;116279.14;816779;327573;14.24;8.8;3.8;13.9;25;12.3;1020.7
01/12/2021;15110;0;0;1172;9815;5292;3;1172;26840.57;201245;301185;13.34;82713.91;587103.91;26877.0;14.09;1344.44;16773.13;1.0;8.02; 2393.61 ;17966.92;3.0;13.32;113292.53;823089;328066;13.76;8.4;4.2;13.2;16.1;11.7;1018.3
01/01/2022;10671;0;21;1268;5493;5176;2;1289;34123.13;258144;301010;13.22;93870.99;630350.48;26909.0;14.89;1407.45;16834.32;1.0;8.36; 0.0 ;20102.98;3.0;0;129401.57;925432;327923;13.98;1.3;-2.6;5.5;93.4;16;1019.6
01/02/2022;9136;0;23;1428;4724;4411;1;1451;28798.1;214524;302664;13.42;82440.97;558081.48;26935.0;14.77;1155.21;13427.07;1.0;8.6; -0.01 ;19907.24;3.0;0;112394.27;805940;329603;13.95;5.5;0.1;11.8;59.3;15.3;1023.3
01/03/2022;14242;0;30;1837;8707;5532;3;1867;28044.66;199047;303722;14.09;87888.79;584283.47;27112.0;15.04;1030.68;13483.49;1.0;7.64; 1797.77 ;16279.8;3.0;11.04;118761.91;813093;330838;14.61;10.1;4.7;15.8;70.3;16.5;1021
01/04/2022;13020;0;35;2123;7972;5047;1;2158;21835.25;159155;304225;13.72;76377.41;507092.44;27089.0;15.06;1217.51;15295.91;1.0;7.96; 1951.93 ;18504.42;3.0;10.55;101382.09;700048;331318;14.48;13.6;8.5;19.2;96.9;15.5;1017.1
01/05/2022;14759;0;35;2392;9651;5107;1;2427;25351.15;170955;305926;14.83;92237.46;598683.84;27116.0;15.41;1155.04;15952.37;1.0;7.24; 1821.44 ;17367.38;3.0;10.49;120565.09;802959;333046;15.02;19.6;15.1;24.7;161.7;13.6;1016.8
01/06/2022;11462;0;35;2400;6655;4806;1;2435;31225.87;225957;306848;13.82;103153.65;662205.91;27118.0;15.58;1135.92;15767.42;1.0;7.2; 2041.62 ;19763.03;3.0;10.33;137557.06;923693;333970;14.89;24.5;19.6;29.3;75.3;13.2;1015.2
01/07/2022;11851;0;33;2225;7351;4499;1;2258;37444.55;270173;307511;13.86;118231.54;730222.9;27187.0;16.19;1310.64;16624.57;1.0;7.88; 2342.32 ;24493.18;3.0;9.56;159329.04;1041514;334702;15.3;27;22.9;31.6;193.5;11.7;1015
01/08/2022;11740;0;31;2080;7409;4330;1;2111;37814.13;269036;308165;14.06;111346.94;685659.97;27184.0;16.24;1123.77;14941.58;1.0;7.52; 2071.98 ;19903.3;3.0;10.41;152356.82;989541;335353;15.4;26.4;22;31.8;61.6;11.9;1016.5
01/09/2022;10591;0;28;1881;6231;4359;1;1909;30764.97;220437;308632;13.96;94976.79;620608.78;27208.0;15.3;921.28;14665.71;1.0;6.28; 2403.25 ;24062.73;3.0;9.99;129066.29;879775;335844;14.67;22.4;17.7;27.6;57.6;12.7;1016.9
01/10/2022;10289;0;27;1842;5471;4817;1;1869;25866.01;167490;309170;15.44;96239.58;573763.39;27210.0;16.77;985.93;13776.37;1.0;7.16; 2280.89 ;23221.46;3.0;9.82;125372.42;778252;336384;16.11;14.2;9.6;19.5;70.7;13.2;1018.5
01/11/2022;10019;0;19;1257;5243;4775;1;1276;26157.9;165900;309519;15.77;88428.57;562988.96;27239.0;15.71;1257.68;16133.3;1.0;7.8; 2124.52 ;20964.52;3.0;10.13;117968.67;765987;336762;15.4;11.3;6.6;16.3;67.3;12.8;1022.1
01/12/2022;10209;0;17;1182;5365;4840;4;1199;29838.74;198260;310172;15.05;91848;576135.37;27313.0;15.94;1360.31;14813.89;1.0;9.18; 2482.76 ;26091.97;3.0;9.52;125529.81;815302;337489;15.4;4.4;-0.1;9.1;98.2;11.9;1022.2
